line,type,start_x_mm,start_y_mm,end_x_mm,end_y_mm,length_mm,code,center_x_mm,center_y_mm,radius_mm,sweep_deg,command,g,j_um,dx_mm,dy_mm
1,ARC,8.881784197001252e-16,9.411207128781037,3.270567647115856,11.44041551574833,3.862730005200741,B5243B12100B3271GXNR4,-5.242537041859949,21.511108697125493,13.18680448777862,16.783302346043282,NR4,GX,3271,,
2,LINE,3.270567647115877,11.440415515748342,7.142618973203484,15.329731229366056,5.488128842515494,B3872B3889B3889GYL1,,,,,L1,GY,3889,3.8720513260876066,3.889315713617714
3,LINE,7.142618973203484,15.329731229366056,7.142618973203484,19.763926823145653,4.434195593779597,B0B4434B4434GYL2,,,,,L2,GY,4434,0.0,4.434195593779597
4,ARC,7.1426189732034295,19.763926823145653,7.546954477556931,20.321175982211596,0.6989084882414291,B1104B375B404GXSR2,8.246181280427743,19.388506769129833,1.165671472964614,-34.35316688351199,SR2,GX,404,,
5,ARC,7.546954477556931,20.321175982211596,8.195215221129544,20.553063527593373,0.6989084882414287,B699B933B648GXSR2,8.246181280427743,19.388506769129833,1.165671472964614,-34.35316688351196,SR2,GX,648,,
6,LINE,8.195215221129624,20.553063527593345,10.037259225824425,20.045761529415977,1.9106233099663599,B1842B507B1842GXL4,,,,,L4,GX,1842,1.8420440046948006,-0.5073019981773683
7,LINE,10.037259225824425,20.045761529415977,10.037259225824425,21.398129626125066,1.352368096709089,B0B1352B1352GYL2,,,,,L2,GY,1352,0.0,1.352368096709089
8,ARC,10.03725922582448,21.398129626125037,10.217518611514269,22.135732712460463,0.7666294779990547,B1419B738B738GYNR4,8.618290485626279,22.135732712460463,1.59922812588799,27.466146216802915,NR4,GY,738,,
9,ARC,10.217518611514269,22.135732712460463,10.189906022147134,22.43162999868911,0.2976121427569218,B1599B0B296GYNR1,8.618290485626279,22.135732712460463,1.59922812588799,10.662593682404314,NR1,GY,296,,
10,ARC,10.18990602214714,22.431629998689097,10.218734514810748,22.552915883348614,0.12580365023262244,B241B121B121GYNR4,9.949186120653533,22.552915883348614,0.26954839415721604,26.74109125452676,NR4,GY,121,,
11,ARC,10.218734514810748,22.552915883348614,10.139785618020044,22.743515380715127,0.21170281371780897,B270B0B79GXNR1,9.949186120653533,22.552915883348614,0.26954839415721604,45.0,NR1,GX,79,,
12,ARC,10.139785618020044,22.743515380715127,9.949186120653533,22.82246427750583,0.21170281371780897,B191B191B191GXNR1,9.949186120653533,22.552915883348614,0.26954839415721604,45.0,NR1,GX,191,,
13,ARC,9.949186120653533,22.82246427750583,9.820772959305923,22.789910391271153,0.13384612675382865,B0B270B128GXNR2,9.949186120653533,22.552915883348614,0.26954839415721604,28.45061715594767,NR2,GX,128,,
14,LINE,9.820772959305907,22.7899103912712,9.820772959305907,24.831940126677164,2.042029735405965,B0B2042B2042GYL2,,,,,L2,GY,2042,0.0,2.042029735405965
15,ARC,9.820772959305907,24.831940126677125,9.813422688161445,24.9937591610058,0.16204152241855665,B1778B162B162GYSR3,11.598351831675503,24.9937591610058,1.784929143514058,-5.201492380912927,SR3,GY,162,,
16,ARC,9.813422688161445,24.9937591610058,10.19793130647368,26.100463457536396,1.1937198088458127,B1785B0B1107GYSR2,11.598351831675503,24.9937591610058,1.784929143514058,-38.31810759354649,SR2,GY,1107,,
17,ARC,10.19793130647368,26.100463457536396,11.185795820629865,26.73035628904556,1.1937198088458127,B1400B1107B988GXSR2,11.598351831675503,24.9937591610058,1.784929143514058,-38.31810759354649,SR2,GX,988,,
18,ARC,11.185795820629838,26.73035628904559,11.247480241227404,26.7261461613322,0.061875810836024156,B62B450B62GXNR3,11.247480241227404,27.18013392370603,0.45398776237383004,7.8090713201532616,NR3,GX,62,,
19,ARC,11.247480241227404,26.7261461613322,11.568498066577646,26.859116098355788,0.3565611547733233,B0B454B321GXNR4,11.247480241227404,27.18013392370603,0.45398776237383004,45.0,NR4,GX,321,,
20,ARC,11.568498066577646,26.859116098355788,11.701468003601233,27.18013392370603,0.3565611547733233,B321B321B321GYNR4,11.247480241227404,27.18013392370603,0.45398776237383004,45.0,NR4,GY,321,,
21,ARC,11.701468003601233,27.18013392370603,11.647093417721976,27.39557346872299,0.22447509373901,B454B0B215GYNR1,11.247480241227404,27.18013392370603,0.45398776237383004,28.330004777657855,NR1,GY,215,,
22,ARC,11.647093417721994,27.395573468722944,11.1933912893454,28.583823922154696,1.3005672930121088,B1329B1188B1188GYSR3,12.976262318805695,28.583823922154696,1.782871029460296,-41.796078140831995,SR3,GY,1188,,
23,ARC,11.1933912893454,28.583823922154696,11.38758374135543,29.39297748313025,0.8398742998636919,B1783B0B809GYSR2,12.976262318805695,28.583823922154696,1.782871029460296,-26.99087702281054,SR2,GY,809,,
24,ARC,11.387583741355428,29.392977483130316,12.245745425262987,31.190902419818496,2.008838559680663,B4393B993B1798GYSR2,15.78065172415645,28.399902185958194,4.503914391655878,-25.55509745169135,SR2,GY,1798,,
25,ARC,12.245745425262987,31.190902419818496,13.795540697548129,32.44274512866608,2.008838559680663,B3535B2791B1550GXSR2,15.78065172415645,28.399902185958194,4.503914391655878,-25.55509745169135,SR2,GX,1550,,
26,ARC,13.795540697548132,32.442745128666054,14.061565382199081,32.48413547738055,0.27029734962056373,B266B834B266GXSR2,14.061565382199081,31.60854133452465,0.8755941428558983,-17.687301215055196,SR2,GX,266,,
27,ARC,14.061565382199081,32.48413547738055,14.467425164726029,32.3843911524216,0.42200946689453445,B0B876B406GXSR1,14.061565382199081,31.60854133452465,0.8755941428558983,-27.61480483270204,SR1,GX,406,,
28,ARC,14.467425164726029,32.3843911524216,14.780816969100231,32.10788315907346,0.42200946689453467,B406B776B277GYSR1,14.061565382199081,31.60854133452465,0.8755941428558983,-27.614804832702053,SR1,GY,277,,
29,LINE,14.780816969100204,32.10788315907347,15.155221404298663,32.52153634267625,0.5579315705362033,B374B414B414GYL1,,,,,L1,GY,414,0.3744044351984588,0.4136531836027828
30,LINE,15.155221404298663,32.52153634267625,14.820227441527017,32.99428244396473,0.5794047215693947,B335B473B473GYL2,,,,,L2,GY,473,-0.3349939627716463,0.4727461012884788
31,ARC,14.820227441527015,32.99428244396476,16.107736709535388,35.41912683593297,2.7873498842769706,B4550B862B1288GXSR2,19.370037029506562,32.1327233274774,4.630664250199219,-34.48822366866225,SR2,GX,1288,,
32,ARC,16.107736709535388,35.41912683593297,18.54199290069596,36.68875167668852,2.7873498842769706,B3262B3286B2434GXSR2,19.370037029506562,32.1327233274774,4.630664250199219,-34.48822366866225,SR2,GX,2434,,
33,ARC,18.541992900695988,36.688751676688504,18.75343050118459,36.712295700327715,0.21318107362957173,B211B938B211GXSR2,18.75343050118459,35.75111377486183,0.9611819254658843,-12.707662792474807,SR2,GX,211,,
34,ARC,18.75343050118459,36.712295700327715,19.264473048949366,36.56518146751176,0.5388237663229776,B0B961B511GXSR1,18.75343050118459,35.75111377486183,0.9611819254658843,-32.11913051390986,SR1,GX,511,,
35,ARC,19.264473048949366,36.56518146751176,19.619079795418187,36.16887207009387,0.5388237663229773,B511B814B396GYSR1,18.75343050118459,35.75111377486183,0.9611819254658843,-32.119130513909845,SR1,GY,396,,
36,LINE,19.619079795418152,36.16887207009384,20.041797279200136,36.498068951123116,0.5357804191778335,B423B329B423GXL1,,,,,L1,GX,423,0.4227174837819838,0.3291968810292758
37,ARC,20.041797279200132,36.49806895112313,19.887776052235534,37.14007972966439,0.666367586659044,B1261B642B642GYSR3,21.30284197110081,37.14007972966439,1.415065918865278,-26.981110781395557,SR3,GY,642,,
38,ARC,19.887776052235534,37.14007972966439,19.900061599555528,37.32614096673787,0.1866015728196645,B1415B0B186GYSR2,21.30284197110081,37.14007972966439,1.415065918865278,-7.555466095631237,SR2,GY,186,,
39,ARC,19.900061599555556,37.326140966737874,21.631767234216863,38.912821559010865,2.3686972995810067,B4326B2983B1732GXSR2,24.22598526426953,34.3431546273053,5.254695334096326,-25.82763596766484,SR2,GX,1732,,
40,ARC,21.631767234216863,38.912821559010865,23.881752295199032,39.58656255699937,2.368697299581006,B2594B4570B2250GXSR2,24.22598526426953,34.3431546273053,5.254695334096326,-25.827635967664826,SR2,GX,2250,,
41,ARC,23.881752295199014,39.586562556999354,24.99425084768367,38.960229829248554,1.2880281220517524,B781B2688B1112GXSR1,23.101038593773467,36.89866897310096,2.798979421495582,-26.366244324973927,SR1,GX,1112,,
42,LINE,24.99425084768368,38.96022982924854,25.476512158348754,38.96022982924854,0.4822613106650735,B482B0B482GXL1,,,,,L1,GX,482,0.4822613106650735,0.0
43,LINE,25.476512158348754,38.96022982924854,25.476512158348754,39.44916257373107,0.48893274448253266,B0B489B489GYL2,,,,,L2,GY,489,0.0,0.48893274448253266
44,ARC,25.47651215834878,39.44916257373111,26.30057161735645,40.52297489760747,1.374842467261336,B2115B770B824GXSR2,27.591500060487064,38.67919344726887,2.250783481789469,-34.99788918248146,SR2,GX,824,,
45,ARC,26.30057161735645,40.52297489760747,27.591500060487064,40.92997692905834,1.374842467261335,B1291B1844B1291GXSR2,27.591500060487064,38.67919344726887,2.250783481789469,-34.99788918248144,SR2,GX,1291,,
46,ARC,27.591500060487064,40.92997692905834,27.673194093551384,40.92849386447819,0.08171198081001571,B0B2251B82GXSR1,27.591500060487064,38.67919344726887,2.250783481789469,-2.0800542006580223,SR1,GX,82,,
47,LINE,27.673194093551388,40.928493864478156,30.106042034666,40.928493864478156,2.4328479411146127,B2433B0B2433GXL1,,,,,L1,GX,2433,2.4328479411146127,0.0
48,ARC,30.10604203466603,40.92849386447813,30.167002244550844,40.929524285741685,0.06097182081722194,B61B1803B61GXSR2,30.167002244550844,39.12579163354832,1.8037326521933688,-1.9367770483095954,SR2,GX,61,,
49,ARC,30.167002244550844,40.929524285741685,31.368444266229552,40.47114978256779,1.3148301784233227,B0B1804B1201GXSR1,30.167002244550844,39.12579163354832,1.8037326521933688,-41.76573502091994,SR1,GX,1201,,
50,ARC,31.368444266229552,40.47114978256779,31.959252124237114,39.32899559353206,1.3148301784233227,B1201B1345B1142GYSR1,30.167002244550844,39.12579163354832,1.8037326521933688,-41.76573502091994,SR1,GY,1142,,
51,LINE,31.959252124237114,39.328995593532106,32.30213640136446,39.328995593532106,0.34288427712734304,B343B0B343GXL1,,,,,L1,GX,343,0.34288427712734304,0.0
52,ARC,32.302136401364486,39.328995593532106,32.509078702414755,40.72254406158526,1.4139462758977703,B4589B1394B1394GYNR4,27.713533183919836,40.72254406158526,4.795545518494915,16.893417809244053,NR4,GY,1394,,
53,ARC,32.509078702414755,40.72254406158526,31.305349455363363,43.89998213213049,3.4732203865918114,B4796B0B3177GYNR1,27.713533183919836,40.72254406158526,4.795545518494915,41.49702441630948,NR1,GY,3177,,
54,ARC,31.305349455363363,43.89998213213049,28.298457552761334,45.482283582051906,3.4732203865918114,B3592B3177B3007GXNR1,27.713533183919836,40.72254406158526,4.795545518494915,41.49702441630948,NR1,GX,3007,,
55,ARC,28.2984575527613,45.48228358205192,24.698662373118534,44.3399979330944,3.8295253320354643,B126B6640B3600GXNR2,28.424211647114635,38.84264847047366,6.640825890440842,33.040414352664456,NR2,GX,3600,,
56,ARC,24.698662373118534,44.3399979330944,22.30381272212924,41.41971764032282,3.829525332035466,B3726B5497B2920GYNR2,28.424211647114635,38.84264847047366,6.640825890440842,33.04041435266447,NR2,GY,2920,,
57,ARC,22.303812722129305,41.41971764032287,22.282462452376542,41.93214522476918,0.5130204173165108,B6139B512B512GYSR3,28.44252193560562,41.93214522476918,6.160059483229075,-4.771691701403529,SR3,GY,512,,
58,ARC,22.282462452376542,41.93214522476918,24.08670210250184,46.28796505787296,4.83809940454715,B6160B0B1804GXSR2,28.44252193560562,41.93214522476918,6.160059483229075,-45.0,SR2,GX,1804,,
59,ARC,24.08670210250184,46.28796505787296,28.44252193560562,48.092204707998256,4.83809940454715,B4356B4356B4356GXSR2,28.44252193560562,41.93214522476918,6.160059483229075,-45.0,SR2,GX,4356,,
60,ARC,28.44252193560562,48.092204707998256,32.7983417687094,46.28796505787296,4.83809940454715,B0B6160B4356GXSR1,28.44252193560562,41.93214522476918,6.160059483229075,-45.0,SR1,GX,4356,,
61,ARC,32.7983417687094,46.28796505787296,34.602581418834696,41.93214522476918,4.83809940454715,B4356B4356B4356GYSR1,28.44252193560562,41.93214522476918,6.160059483229075,-45.0,SR1,GY,4356,,
62,ARC,34.602581418834696,41.93214522476918,33.88668612010601,39.04988757335708,2.999375144540005,B6160B0B2882GYSR4,28.44252193560562,41.93214522476918,6.160059483229075,-27.897707388451995,SR4,GY,2882,,
63,ARC,33.886686120106,39.04988757335704,35.34346937205947,39.313675713482574,1.4884210719130848,B1457B3891B1457GXSR2,35.34346937205947,35.159202307286336,4.15447340619624,-20.52732975297555,SR2,GX,1457,,
64,ARC,35.34346937205947,39.313675713482574,37.2962278647779,38.826133388164166,2.032922255085874,B0B4154B1953GXSR1,35.34346937205947,35.159202307286336,4.15447340619624,-28.036733878454008,SR1,GX,1953,,
65,ARC,37.2962278647779,38.826133388164166,38.79065995930334,37.4779360863151,2.032922255085874,B1953B3667B1348GYSR1,35.34346937205947,35.159202307286336,4.15447340619624,-28.036733878454008,SR1,GY,1348,,
66,LINE,38.79065995930335,37.477936086315125,38.79065995930335,36.62863999716504,0.8492960891500871,B0B849B849GYL4,,,,,L4,GY,849,0.0,-0.8492960891500871
67,LINE,38.79065995930335,36.62863999716504,39.10927126397673,36.62863999716504,0.3186113046733823,B319B0B319GXL1,,,,,L1,GX,319,0.3186113046733823,0.0
68,LINE,39.10927126397673,36.62863999716504,39.73321878284502,36.840963920888186,0.6590841789081954,B624B212B624GXL1,,,,,L1,GX,624,0.6239475188682917,0.21232392372314735
69,ARC,39.73321878284499,36.84096392088814,40.127872538115746,36.860815889876065,0.3953191511079764,B395B3913B395GXSR2,40.127872538115746,32.92806525650052,3.93275063337555,-5.759358024625245,SR2,GX,395,,
70,ARC,40.127872538115746,36.860815889876065,42.77552591526886,35.83606442066228,2.904615556807975,B0B3933B2648GXSR1,40.127872538115746,32.92806525650052,3.93275063337555,-42.317001007077685,SR1,GX,2648,,
71,ARC,42.77552591526886,35.83606442066228,44.04338843297573,33.295846198658495,2.904615556807975,B2648B2908B2540GYSR1,40.127872538115746,32.92806525650052,3.93275063337555,-42.317001007077685,SR1,GY,2540,,
72,LINE,44.04338843297574,33.29584619865854,43.713594299246,32.78670144009803,0.6066238998029918,B330B509B509GYL3,,,,,L3,GY,509,-0.32979413372974165,-0.5091447585605096
73,LINE,43.713594299246,32.78670144009803,43.99283242534851,32.64290778007906,0.314086847433786,B279B144B279GXL4,,,,,L4,GX,279,0.27923812610251275,-0.14379366001897154
74,LINE,43.99283242534851,32.64290778007906,44.50900070085816,32.905119493241074,0.5789513547457724,B516B262B516GXL1,,,,,L1,GX,516,0.5161682755096493,0.2622117131620172
75,ARC,44.50900070085819,32.90511949324109,46.769261216146965,31.493577221340136,2.716088934998563,B881B3926B1412GYSR1,43.628081013585465,28.979114096329862,4.023622481297262,-38.67669829387832,SR1,GY,1412,,
76,ARC,46.769261216146965,31.493577221340136,47.651703494882724,28.979114096329862,2.716088934998563,B3141B2514B2514GYSR1,43.628081013585465,28.979114096329862,4.023622481297262,-38.67669829387832,SR1,GY,2514,,
77,ARC,47.651703494882724,28.979114096329862,47.56705425765128,28.15812222393748,0.8267981233745345,B4024B0B821GYSR4,43.628081013585465,28.979114096329862,4.023622481297262,-11.773481035781536,SR4,GY,821,,
78,LINE,47.567054257651314,28.158122223937468,47.058693336695335,27.65775245849776,0.7133026903926547,B508B500B508GXL3,,,,,L3,GX,508,-0.5083609209559796,-0.5003697654397072
79,LINE,47.058693336695335,27.65775245849776,47.21408998406159,27.250667213539035,0.4357367492830702,B155B407B407GYL4,,,,,L4,GY,407,0.1553966473662527,-0.40708524495872567
80,LINE,47.21408998406159,27.250667213539035,47.78744876804129,27.250667213539035,0.5733587839796996,B573B0B573GXL1,,,,,L1,GX,573,0.5733587839796996,0.0
81,ARC,47.78744876804126,27.25066721353902,48.85806576740523,25.926830326628203,1.7172445182533247,B2335B2983B1324GYSR1,45.452874685625254,24.26780945425711,3.787832699367387,-25.97550396149339,SR1,GY,1324,,
82,ARC,48.85806576740523,25.926830326628203,49.24070738499264,24.26780945425711,1.7172445182533247,B3405B1659B1659GYSR1,45.452874685625254,24.26780945425711,3.787832699367387,-25.97550396149339,SR1,GY,1659,,
83,ARC,49.24070738499264,24.26780945425711,48.828515125721964,22.549459030862483,1.7835268549146828,B3788B0B1718GYSR4,45.452874685625254,24.26780945425711,3.787832699367387,-26.978108471348147,SR4,GY,1718,,
84,ARC,48.82851512572198,22.549459030862476,49.09469956288623,21.339800934327066,1.2483367099564466,B2616B1210B1210GYSR1,46.213000539747114,21.339800934327066,2.881699023139116,-24.820227344158095,SR1,GY,1210,,
85,ARC,49.09469956288623,21.339800934327066,48.923806255070204,20.362190769827638,0.9974056060951515,B2882B0B978GYSR4,46.213000539747114,21.339800934327066,2.881699023139116,-19.831054955103554,SR4,GY,978,,
86,LINE,48.923806255070225,20.362190769827638,50.09873700551733,20.823101255647288,1.2621017170912567,B1175B461B1175GXL1,,,,,L1,GX,1175,1.1749307504471034,0.46091048581964955
87,ARC,50.09873700551733,20.8231012556473,50.474611503624786,20.881306528484775,0.3818548112617897,B376B1185B376GXSR2,50.474611503624786,19.63855406757312,1.242752460911653,-17.605009654147462,SR2,GX,376,,
88,ARC,50.474611503624786,20.881306528484775,51.19324967044812,20.652453897086257,0.7662791895159918,B0B1243B719GXSR1,50.474611503624786,19.63855406757312,1.242752460911653,-35.32848645961592,SR1,GX,719,,
89,ARC,51.19324967044812,20.652453897086257,51.64721367137959,20.050182340750148,0.7662791895159918,B719B1014B602GYSR1,50.474611503624786,19.63855406757312,1.242752460911653,-35.32848645961592,SR1,GY,602,,
90,LINE,51.64721367137958,20.050182340750155,51.64721367137958,15.933765531411177,4.116416809338977,B0B4116B4116GYL4,,,,,L4,GY,4116,0.0,-4.116416809338977
91,ARC,51.64721367137956,15.933765531411193,59.999999999999986,10.173604883305185,10.249473682402748,B15644B13749B8353GXNR3,67.2908540997815,29.682295419108083,20.826559003494225,28.19724488013408,NR3,GX,8353,,
92,ARC,60.0,10.173604883305199,58.803017143291626,8.254779700022604,2.305120969693885,B3331B745B1197GXSR4,56.6691792230158,10.918647401845563,3.4131298543745103,-38.69577439642042,SR4,GX,1197,,
93,ARC,58.803017143291626,8.254779700022604,56.6691792230158,7.505517547471053,2.3051209696938852,B2134B2664B2134GXSR4,56.6691792230158,10.918647401845563,3.4131298543745103,-38.695774396420425,SR4,GX,2134,,
94,ARC,56.6691792230158,7.505517547471053,56.57498479609422,7.506817568345733,0.0942063879257252,B0B3413B94GXSR3,56.6691792230158,10.918647401845563,3.4131298543745103,-1.5814307282795779,SR3,GX,94,,
95,ARC,56.57498479609423,7.506817568345766,56.15285826671995,6.360998022534132,1.241499364218551,B1971B75B1146GYSR4,54.60416200331768,7.582213355282275,1.9722644359251902,-36.066499269673045,SR4,GY,1146,,
96,ARC,56.15285826671995,6.360998022534132,55.1370676685979,5.683308787609755,1.2414993642185512,B1549B1221B1016GXSR4,54.60416200331768,7.582213355282275,1.9722644359251902,-36.06649926967305,SR4,GX,1016,,
97,ARC,55.13706766859789,5.683308787609738,54.278105187455445,5.641818091838108,0.8602979491155014,B859B8871B859GXSR4,54.278105187455445,14.553912816840045,8.912094725001937,-5.5308480361857875,SR4,GX,859,,
98,ARC,54.278105187455445,5.641818091838108,52.74082859412789,5.775404226936258,1.545003847977205,B0B8912B1537GXSR3,54.278105187455445,14.553912816840045,8.912094725001937,-9.932816307733583,SR3,GX,1537,,
99,ARC,52.74082859412788,5.775404226936214,52.37578049574278,5.217744033107269,0.6767896532808177,B1076B306B365GXSR4,51.66474564050376,6.081503774395602,1.1187722985644872,-34.66048524875771,SR4,GX,365,,
100,ARC,52.37578049574278,5.217744033107269,51.75836686704252,4.96665556859508,0.6767896532808177,B711B864B617GXSR4,51.66474564050376,6.081503774395602,1.1187722985644872,-34.66048524875771,SR4,GX,617,,
101,LINE,51.75836686704252,4.9666555685950895,50.26939825640581,4.9666555685950895,1.4889686106367108,B1489B0B1489GXL3,,,,,L3,GX,1489,-1.4889686106367108,0.0
102,ARC,50.26939825640581,4.966655568595105,48.82260551604569,5.851054795008467,1.7067592665308435,B1487B4058B1447GXSR3,51.75649659859517,9.02501359414047,4.322236844835186,-22.624882931603953,SR3,GX,1447,,
103,ARC,48.82260551604569,5.851054795008467,47.82737831005331,7.223969225587405,1.7067592665308446,B2934B3174B1373GYSR3,51.75649659859517,9.02501359414047,4.322236844835186,-22.624882931603967,SR3,GY,1373,,
104,ARC,47.82737831005328,7.223969225587392,46.64108528794768,4.1659891528408295,3.316512566137477,B6402B725B3058GYSR4,41.42511238988709,7.948531421626103,6.443135827254447,-29.492187940224145,SR4,GY,3058,,
105,ARC,46.64108528794768,4.1659891528408295,44.10305023021918,2.0882713410693228,3.316512566137477,B5216B3783B2538GXSR4,41.42511238988709,7.948531421626103,6.443135827254447,-29.492187940224145,SR4,GX,2538,,
106,ARC,44.103050230219196,2.0882713410693263,45.12471160528096,5.565670576152119,3.6259463244055965,B33560B11749B3477GYNR4,10.542939147495234,13.837028149475431,35.557198180225626,5.8427387916337805,NR4,GY,3477,,
107,ARC,45.124711605281,5.565670576152159,42.7761388170937,3.2462789079690886,3.3382157887298405,B5539B3260B2349GXSR4,39.58602424365988,8.825285844054417,6.426674831086686,-29.761218799024572,SR4,GX,2349,,
108,ARC,42.7761388170937,3.2462789079690886,39.58602424365988,2.3986110129677307,3.338215788729842,B3190B5579B3190GXSR4,39.58602424365988,8.825285844054417,6.426674831086686,-29.761218799024583,SR4,GX,3190,,
109,ARC,39.58602424365988,2.3986110129677307,39.353644201469535,2.4028136642380886,0.2324307095434538,B0B6427B232GXSR3,39.58602424365988,8.825285844054417,6.426674831086686,-2.072191146446908,SR3,GX,232,,
110,LINE,39.353644201469535,2.4028136642381193,38.865674647564575,2.688953664343125,0.565676926521048,B488B286B488GXL2,,,,,L2,GX,488,-0.48796955390496066,0.28614000010500584
111,ARC,38.865674647564575,2.6889536643431367,40.57457730363675,4.827446336846314,2.7629336877504915,B3598B4627B2138GYNR4,35.26768131957951,7.316217569007795,5.861495306799919,27.007517893765208,NR4,GY,2138,,
112,ARC,40.574577303636765,4.827446336846292,38.689882066553075,4.464070484919333,1.931060168884453,B1885B4706B1885GXSR4,38.689882066553075,9.533364615105668,5.069294130186336,-21.825839026395613,SR4,GX,1885,,
113,ARC,38.689882066553075,4.464070484919333,37.917323098783065,4.523285212575228,0.7755811961187812,B0B5069B773GXSR3,38.689882066553075,9.533364615105668,5.069294130186336,-8.766019107611127,SR3,GX,773,,
114,ARC,37.91732309878307,4.52328521257526,39.90648299265082,6.59259236511488,2.9235014207256707,B2014B3927B2069GYNR4,35.903525818923676,8.449797214897497,4.412808174932339,37.95866173372679,NR4,GY,2069,,
115,ARC,39.90648299265085,6.592592365114844,37.810207295462284,8.607795962410204,2.9396313475630174,B4910B3010B2096GXNR1,34.996583458052946,3.5830729252096556,5.758847167533789,29.246907347924072,NR1,GX,2096,,
116,ARC,37.810207295462284,8.607795962410204,34.996583458052946,9.341920092743445,2.939631347563015,B2814B5025B2814GXNR1,34.996583458052946,3.5830729252096556,5.758847167533789,29.246907347924054,NR1,GX,2814,,
117,ARC,34.996583458052946,9.341920092743445,33.951221995977136,9.246246956847626,1.0511891558120519,B0B5759B1045GXNR2,34.996583458052946,3.5830729252096556,5.758847167533789,10.45846509653828,NR2,GX,1045,,
118,ARC,33.9512219959771,9.246246956847614,37.16052683405718,10.545343849366834,3.5491312625367226,B3209B3315B3209GXSR2,37.16052683405718,5.931642458460015,4.61370139090682,-44.07529336035404,SR2,GX,3209,,
119,ARC,37.16052683405718,10.545343849366834,39.26067171913375,10.03963856193215,2.1804071516431365,B0B4614B2100GXSR1,37.16052683405718,5.931642458460015,4.61370139090682,-27.077636115660805,SR1,GX,2100,,
120,ARC,39.26067171913375,10.03963856193215,40.90042513854011,8.633382859864492,2.1804071516431365,B2100B4108B1406GYSR1,37.16052683405718,5.931642458460015,4.61370139090682,-27.077636115660805,SR1,GY,1406,,
121,ARC,40.90042513854015,8.633382859864492,41.516886918350686,11.222538551757106,2.6859228870703618,B5129B2589B2589GYNR4,35.771395020212104,11.222538551757106,5.745491898138584,26.784833788832362,NR4,GY,2589,,
122,ARC,41.516886918350686,11.222538551757106,39.834071302638264,15.285214834183268,4.512498784612963,B5745B0B1683GXNR1,35.771395020212104,11.222538551757106,5.745491898138584,45.0,NR1,GX,1683,,
123,ARC,39.834071302638264,15.285214834183268,35.771395020212104,16.96803044989569,4.512498784612963,B4063B4063B4063GXNR1,35.771395020212104,11.222538551757106,5.745491898138584,45.0,NR1,GX,4063,,
124,ARC,35.771395020212104,16.96803044989569,35.005786446172316,16.91679185337031,0.7678926362785597,B0B5745B766GXNR2,35.771395020212104,11.222538551757106,5.745491898138584,7.657657161119653,NR2,GX,766,,
125,ARC,35.005786446172294,16.91679185337033,36.97246272965794,17.296085167354846,2.0150861936512583,B1967B4909B1967GXSR2,36.97246272965794,12.007725375410246,5.288359791944602,-21.83208760250484,SR2,GX,1967,,
126,ARC,36.97246272965794,17.296085167354846,40.71189779989625,15.747160445648554,4.153468067978202,B0B5288B3739GXSR1,36.97246272965794,12.007725375410246,5.288359791944602,-45.0,SR1,GX,3739,,
127,ARC,40.71189779989625,15.747160445648554,42.26082252160254,12.007725375410246,4.153468067978202,B3739B3739B3739GYSR1,36.97246272965794,12.007725375410246,5.288359791944602,-45.0,SR1,GY,3739,,
128,ARC,42.26082252160254,12.007725375410246,41.93651999690848,10.184298728540815,1.8616388174320462,B5288B0B1823GYSR4,36.97246272965794,12.007725375410246,5.288359791944602,-20.16958970512103,SR4,GY,1823,,
129,ARC,41.936519996908444,10.18429872854085,39.50434715069426,5.0869798576072816,5.744085875983487,B8962B1147B5097GYSR4,32.9743553594076,11.331660981089293,9.035310461087857,-36.425076844004195,SR4,GY,5097,,
130,ARC,39.504347150694265,5.086979857607292,40.37858668190138,5.308993213088521,0.90789364582992,B117B2293B874GXNR4,39.38739213871644,7.379810564611731,2.2958116485916706,22.65798859619406,NR4,GX,874,,
131,ARC,40.37858668190138,5.308993213088521,41.09982701359148,5.850654612747789,0.90789364582992,B991B2071B542GYNR4,39.38739213871644,7.379810564611731,2.2958116485916706,22.65798859619406,NR4,GY,542,,
132,ARC,41.09982701359145,5.850654612747777,41.18572732740561,5.922395168390431,0.11292747685902275,B195B146B86GXSR2,41.29464816289267,5.7046784330241325,0.24344265292211656,-26.578201220774883,SR2,GX,86,,
133,ARC,41.18572732740561,5.922395168390431,41.29464816289267,5.948121085946249,0.11292747685902275,B109B218B109GXSR2,41.29464816289267,5.7046784330241325,0.24344265292211656,-26.578201220774883,SR2,GX,109,,
134,ARC,41.29464816289267,5.948121085946249,41.46678811360394,5.876818383735404,0.19119941249763278,B0B243B172GXSR1,41.29464816289267,5.7046784330241325,0.24344265292211656,-45.0,SR1,GX,172,,
135,ARC,41.46678811360394,5.876818383735404,41.53809081581479,5.7046784330241325,0.19119941249763278,B172B172B172GYSR1,41.29464816289267,5.7046784330241325,0.24344265292211656,-45.0,SR1,GY,172,,
136,ARC,41.53809081581479,5.7046784330241325,41.52673358681235,5.63118910546031,0.0746539116009268,B243B0B73GYSR4,41.29464816289267,5.7046784330241325,0.24344265292211656,-17.570273768928544,SR4,GY,73,,
137,ARC,41.52673358681239,5.631189105460354,39.961617772455554,2.945198287561165,3.172979257281709,B4466B803B1565GXSR4,37.061087388504966,6.434314112003135,4.537290573083447,-40.0675947454805,SR4,GX,1565,,
138,ARC,39.96161777245552,2.945198287561163,43.12869835722425,4.242250566690362,3.4543920942960313,B1112B7231B3167GXNR4,38.849543224469684,10.175748577056364,7.315570195767179,27.05490925383215,NR4,GX,3167,,
139,ARC,43.12869835722425,4.242250566690362,45.35925190351841,6.837895943533627,3.4543920942960313,B4279B5933B2596GYNR4,38.849543224469684,10.175748577056364,7.315570195767179,27.05490925383215,NR4,GY,2596,,
140,ARC,45.35925190351844,6.837895943533647,45.4511490773677,6.927126356093,0.1295102048905114,B216B130B92GXSR2,45.57503612656062,6.707599765561763,0.25207126950130143,-29.437659273035663,SR2,GX,92,,
141,ARC,45.4511490773677,6.927126356093,45.57503612656062,6.959671035063065,0.1295102048905114,B124B220B124GXSR2,45.57503612656062,6.707599765561763,0.25207126950130143,-29.437659273035663,SR2,GX,124,,
142,ARC,45.57503612656062,6.959671035063065,45.75327743056729,6.885841069568436,0.19797631211158537,B0B252B178GXSR1,45.57503612656062,6.707599765561763,0.25207126950130143,-45.0,SR1,GX,178,,
143,ARC,45.75327743056729,6.885841069568436,45.82710739606192,6.707599765561763,0.19797631211158537,B178B178B178GYSR1,45.57503612656062,6.707599765561763,0.25207126950130143,-45.0,SR1,GY,178,,
144,ARC,45.82710739606192,6.707599765561763,45.8200669637821,6.648440542117395,0.05971623016244742,B252B0B59GYSR4,45.57503612656062,6.707599765561763,0.25207126950130143,-13.573494367323756,SR4,GY,59,,
145,ARC,45.82006696378204,6.648440542117387,45.834933580238015,6.219619361224847,0.42916470121246564,B6177B429B429GYSR1,39.64291867179527,6.219619361224847,6.192014908442741,-3.971134833984334,SR1,GY,429,,
146,ARC,45.834933580238015,6.219619361224847,45.05276034089178,3.207201438411965,3.146037180774768,B6192B0B3012GYSR4,39.64291867179527,6.219619361224847,6.192014908442741,-29.110823425805236,SR4,GY,3012,,
147,ARC,45.05276034089187,3.2072014384119347,47.25372269742514,7.323308755474315,4.748560581370862,B5097B5372B4116GYNR4,39.95623607750593,8.578914010492396,7.404718463542615,36.74312283637752,NR4,GY,4116,,
148,LINE,47.25372269742507,7.323308755474289,47.25372269742507,15.368139023760962,8.044830268286674,B0B8045B8045GYL2,,,,,L2,GY,8045,0.0,8.044830268286674
149,ARC,47.253722697425125,15.368139023761003,46.65639385843271,14.855647806036659,0.7912942441266044,B1711B1390B597GXSR4,45.543038694758735,16.757658237942632,2.203906396278807,-20.571572648457238,SR4,GX,597,,
150,ARC,46.65639385843267,14.855647806036648,46.472277949264814,14.72683262978247,0.22626265924350447,B404B382B184GXSR4,46.25221016072174,15.237362457863078,0.5559411272016638,-23.318827843000985,SR4,GX,184,,
151,ARC,46.472277949264814,14.72683262978247,46.25221016072174,14.681421330661415,0.22626265924350458,B220B511B220GXSR4,46.25221016072174,15.237362457863078,0.5559411272016638,-23.318827843001,SR4,GX,220,,
152,ARC,46.25221016072174,14.681421330661415,45.94250751490477,14.77567554220678,0.3284851872828749,B0B556B310GXSR3,46.25221016072174,15.237362457863078,0.5559411272016638,-33.85397111850305,SR3,GX,310,,
153,ARC,45.94250751490477,14.77567554220678,45.73781878968736,15.02647847478322,0.3284851872828749,B310B462B251GYSR3,46.25221016072174,15.237362457863078,0.5559411272016638,-33.85397111850305,SR3,GY,251,,
154,ARC,45.73781878968734,15.026478474783211,44.50247750021205,18.990442363888754,4.215832391129519,B5742B3964B3964GYSR3,51.47993302707199,18.990442363888754,6.977455526859939,-34.618551449939794,SR3,GY,3964,,
155,ARC,44.50247750021205,18.990442363888754,44.575666893106416,19.99840802832595,1.0115048402070614,B6977B0B1008GYSR2,51.47993302707199,18.990442363888754,6.977455526859939,-8.306030483149607,SR2,GY,1008,,
156,ARC,44.5756668931064,19.998408028325954,44.57536308091256,20.02001495218073,0.021609771651784425,B768B22B22GYSR3,45.34385010970693,20.02001495218073,0.7684870287943689,-1.6111510871317516,SR3,GY,22,,
157,ARC,44.57536308091256,20.02001495218073,44.800447720392526,20.563417341495132,0.6035683010098593,B768B0B225GXSR2,45.34385010970693,20.02001495218073,0.7684870287943689,-45.0,SR2,GX,225,,
158,ARC,44.800447720392526,20.563417341495132,45.34385010970693,20.7885019809751,0.6035683010098593,B543B543B543GXSR2,45.34385010970693,20.02001495218073,0.7684870287943689,-45.0,SR2,GX,543,,
159,ARC,45.34385010970693,20.7885019809751,45.65656836997196,20.721997575271935,0.32206338444643956,B0B768B313GXSR1,45.34385010970693,20.02001495218073,0.7684870287943689,-24.011950720143997,SR1,GX,313,,
160,ARC,45.65656836997196,20.721997575271935,45.91516172956279,20.53399486077918,0.32206338444643956,B313B702B188GYSR1,45.34385010970693,20.02001495218073,0.7684870287943689,-24.011950720143997,SR1,GY,188,,
161,LINE,45.91516172956281,20.53399486077919,46.740290573175095,19.923425737734856,1.0264659091153825,B825B611B825GXL4,,,,,L4,GX,825,0.8251288436122834,-0.610569123044332
162,LINE,46.740290573175095,19.923425737734856,47.0149968402906,19.720151829779788,0.3417364698826581,B275B203B275GXL4,,,,,L4,GX,275,0.27470626711550494,-0.20327390795506872
163,ARC,47.01499684029066,19.72015182977983,41.55463776306568,30.134257691164365,11.913342487931404,B20870B4304B10414GYNR1,26.145450503739163,15.416310837499095,21.308707412236576,32.03311356466313,NR1,GY,10414,,
164,ARC,41.55463776306586,30.134257691164215,41.64170797989274,28.946825480805206,1.1916840117511645,B8053B1187B1187GYSR1,33.501286785841316,28.946825480805206,8.140421194051426,-8.38758373294668,SR1,GY,1187,,
165,ARC,41.64170797989274,28.946825480805206,41.55463776306589,27.759393270446395,1.191684011750964,B8140B0B1187GYSR4,33.501286785841316,28.946825480805206,8.140421194051426,-8.387583732945268,SR4,GY,1187,,
166,ARC,41.554637763065884,27.759393270446388,40.10113391081605,25.22764121099904,2.979744890009297,B4196B726B1454GXSR4,37.358679303658974,28.485222961493957,4.258273844349917,-40.092960777929996,SR4,GX,1454,,
167,ARC,40.10113391081605,25.22764121099904,37.358679303658974,24.226949117144038,2.979744890009297,B2742B3258B2742GXSR4,37.358679303658974,28.485222961493957,4.258273844349917,-40.092960777929996,SR4,GX,2742,,
168,ARC,37.358679303658974,24.226949117144038,36.2517619919821,24.37333407698058,1.1197783509145536,B0B4258B1107GXSR3,37.358679303658974,28.485222961493957,4.258273844349917,-15.066803085633365,SR3,GX,1107,,
169,ARC,36.25176199198209,24.37333407698057,36.23331325404603,24.37326466492894,0.0184489120408084,B18B2452B18GXSR4,36.23331325404603,26.82500569170271,2.4517410267737714,-0.43114047731924016,SR4,GX,18,,
170,ARC,36.23331325404603,24.37326466492894,34.499670548301026,25.09136298595771,1.9255928995542941,B0B2452B718GYSR3,36.23331325404603,26.82500569170271,2.4517410267737714,-45.0,SR3,GY,718,,
171,ARC,34.499670548301026,25.09136298595771,33.78157222727226,26.82500569170271,1.9255928995542941,B1734B1734B1734GYSR3,36.23331325404603,26.82500569170271,2.4517410267737714,-45.0,SR3,GY,1734,,
172,ARC,33.78157222727226,26.82500569170271,34.455908330484604,28.51375250519054,1.8628953152992775,B2452B0B1689GYSR2,36.23331325404603,26.82500569170271,2.4517410267737714,-43.534793469518505,SR2,GY,1689,,
173,ARC,34.45590833048459,28.51375250519053,36.031776646218844,29.117923239674973,1.7260149651043415,B1576B1753B1576GXSR2,36.031776646218844,26.760656442092326,2.3572667975826467,-41.952558352034224,SR2,GX,1576,,
174,ARC,36.031776646218844,29.117923239674973,37.42484386959148,28.66225326217549,1.490398926136774,B0B2357B1393GXSR1,36.031776646218844,26.760656442092326,2.3572667975826467,-36.22566963825967,SR1,GX,1393,,
175,ARC,37.42484386959148,28.66225326217549,38.27933912395286,27.471409327185096,1.490398926136774,B1393B1902B1191GYSR1,36.031776646218844,26.760656442092326,2.3572667975826467,-36.22566963825967,SR1,GY,1191,,
176,ARC,38.27933912395287,27.471409327185103,39.03652693432674,27.253930107654213,0.7981668474043809,B757B1209B757GXNR3,39.03652693432674,28.680803425586046,1.4268733179318316,32.05021155614478,NR3,GX,757,,
177,ARC,39.03652693432674,27.253930107654213,40.045478733330484,27.6718516265823,1.1206636833044838,B0B1427B1009GXNR4,39.03652693432674,28.680803425586046,1.4268733179318316,45.0,NR4,GX,1009,,
178,ARC,40.045478733330484,27.6718516265823,40.463400252258566,28.680803425586046,1.1206636833044838,B1009B1009B1009GYNR4,39.03652693432674,28.680803425586046,1.4268733179318316,45.0,NR4,GY,1009,,
179,ARC,40.463400252258566,28.680803425586046,40.28480145315493,29.372018436324417,0.7215802596022902,B1427B0B691GYNR1,39.03652693432674,28.680803425586046,1.4268733179318316,28.97489422192748,NR1,GY,691,,
180,ARC,40.28480145315493,29.372018436324417,39.79371474470061,29.890197523986984,0.7215802596022902,B1248B691B491GXNR1,39.03652693432674,28.680803425586046,1.4268733179318316,28.97489422192748,NR1,GX,491,,
181,ARC,39.7937147447006,29.890197523987016,39.210382825375184,29.36295686202508,0.7942146087702782,B1346B903B583GXSR4,38.44756513587971,30.793243604264596,1.620990744092435,-28.072427480545766,SR4,GX,583,,
182,ARC,39.210382825375184,29.36295686202508,38.44756513587971,29.17225286017216,0.7942146087702784,B763B1430B763GXSR4,38.44756513587971,30.793243604264596,1.620990744092435,-28.07242748054577,SR4,GX,763,,
183,ARC,38.44756513587971,29.17225286017216,37.30135158849132,29.647030056876208,1.2731231532944616,B0B1621B1146GXSR3,38.44756513587971,30.793243604264596,1.620990744092435,-45.0,SR3,GX,1146,,
184,ARC,37.30135158849132,29.647030056876208,36.82657439178727,30.793243604264596,1.2731231532944616,B1146B1146B1146GYSR3,38.44756513587971,30.793243604264596,1.620990744092435,-45.0,SR3,GY,1146,,
185,ARC,36.82657439178727,30.793243604264596,37.301351588491315,31.939457151652984,1.2731231532944616,B1621B0B1146GYSR2,38.44756513587971,30.793243604264596,1.620990744092435,-45.0,SR2,GY,1146,,
186,ARC,37.301351588491315,31.939457151652984,38.44756513587971,32.414234348357034,1.2731231532944616,B1146B1146B1146GXSR2,38.44756513587971,30.793243604264596,1.620990744092435,-45.0,SR2,GX,1146,,
187,ARC,38.44756513587971,32.414234348357034,39.55743893572715,31.974679654521037,1.2225127786075682,B0B1621B1110GXSR1,38.44756513587971,30.793243604264596,1.620990744092435,-43.21111818207312,SR1,GX,1110,,
188,ARC,39.557438935731476,31.974679654517587,37.58534232734293,33.393793604687325,2.430937225239474,B13412B16558B1972GXNR1,26.145450503739163,15.416310837499095,21.308707412236576,6.536409767749769,NR1,GX,1972,,
189,ARC,37.58534232734291,33.393793604687275,29.48571033149117,35.27428453537692,8.387626854468776,B8100B16503B8100GXNR1,29.48571033149117,16.89071153317293,18.38357300220399,26.141578616628852,NR1,GX,8100,,
190,ARC,29.48571033149117,35.27428453537692,22.682972504495993,33.969309671911724,6.968418144758827,B0B18384B6803GXNR2,29.48571033149117,16.89071153317293,18.38357300220399,21.718354181159285,NR2,GX,6803,,
191,ARC,22.68297250449598,33.969309671911766,15.909631202962473,28.57837173273708,8.714743313248102,B9916B19410B5391GYNR2,32.599274466213465,14.55957412274975,21.79612072558706,22.908572478349726,NR2,GY,5391,,
192,ARC,15.90963120296251,28.578371732737068,11.65100775038636,18.868873582240372,10.724487888932755,B15986B12800B9709GYNR2,31.896105814978,15.777968683785495,20.47968966406045,30.00376976186972,NR2,GY,9709,,
193,ARC,11.651007750386349,18.86887358224039,12.41287156720093,19.41588575158707,0.94467000515257,B1680B1535B762GXSR2,13.330641078438404,17.333583307493058,2.275584396245712,-23.785364505549037,SR2,GX,762,,
194,ARC,12.41287156720093,19.41588575158707,13.330641078438404,19.60916770373877,0.94467000515257,B918B2082B918GXSR2,13.330641078438404,17.333583307493058,2.275584396245712,-23.785364505549037,SR2,GX,918,,
195,ARC,13.330641078438404,19.60916770373877,13.550705772902466,19.59850182141081,0.22040916181475007,B0B2276B220GXSR1,13.330641078438404,17.333583307493058,2.275584396245712,-5.549569929744591,SR1,GX,220,,
196,ARC,13.550705772902464,19.598501821410842,13.699971625295772,19.61246815583482,0.15013552321466947,B149B791B149GXSR2,13.699971625295772,18.80784209914537,0.8046260566894505,-10.690844229655603,SR2,GX,149,,
197,ARC,13.699971625295772,19.61246815583482,14.211718482541835,19.428759360302113,0.5546377796005264,B0B805B512GXSR1,13.699971625295772,18.80784209914537,0.8046260566894505,-39.49462444749331,SR1,GX,512,,
198,ARC,14.211718482541835,19.428759360302113,14.489785612464312,18.961520193799583,0.5546377796005264,B512B621B467GYSR1,13.699971625295772,18.80784209914537,0.8046260566894505,-39.49462444749331,SR1,GY,467,,
199,ARC,14.489785612464317,18.961520193799533,13.137064395871768,14.770852441860672,4.454162513422987,B8507B432B4191GYSR4,5.983153456495423,19.39374876878249,8.5176060121372,-29.962023709580482,SR4,GY,4191,,
200,ARC,13.137064395871738,14.770852441860665,12.738549224082574,14.632809196076686,0.4296652983074218,B399B506B399GXSR4,12.738549224082574,15.277064838004534,0.6442556419278488,-38.21155236231799,SR4,GX,399,,
201,ARC,12.738549224082574,14.632809196076686,12.457186733189028,14.69749561791599,0.29117444393521363,B0B644B281GXSR3,12.738549224082574,15.277064838004534,0.6442556419278488,-25.895103828093,SR3,GX,281,,
202,ARC,12.457186733189028,14.69749561791599,12.23232458654155,14.8785652162954,0.29117444393521363,B281B580B181GYSR3,12.738549224082574,15.277064838004534,0.6442556419278488,-25.895103828093,SR3,GY,181,,
203,ARC,12.232324586541598,14.878565216295392,11.596919481842335,15.964899271662237,1.2866725009877797,B1110B1378B1086GYSR3,13.34225540353066,16.256765930012424,1.7695715938588468,-41.66031155675441,SR3,GY,1086,,
204,ARC,11.59691948184229,15.964899271662222,11.112949818279072,13.153042728014075,2.8670647190698606,B7926B2812B2812GYNR2,19.52335698860682,13.153042728014073,8.41040717032775,19.531837718049804,NR2,GY,2812,,
205,ARC,11.112949818279072,13.153042728014075,11.863971650276323,9.679029917204618,3.581259527193522,B8410B0B3474GYNR3,19.52335698860682,13.153042728014073,8.41040717032775,24.39727971472388,NR3,GY,3474,,
206,ARC,11.863971650276287,9.679029917204625,11.825676069459533,8.944896801880574,0.7354641675781476,B7018B734B734GYNR2,18.881555246634115,8.944896801880574,7.055879177174582,5.97218174053316,NR2,GY,734,,
207,ARC,11.825676069459533,8.944896801880574,13.482732048293887,4.401974940792795,4.9357163221476945,B7056B0B4543GYNR3,18.881555246634115,8.944896801880574,7.055879177174582,40.07944396889987,NR3,GY,4543,,
208,ARC,13.482732048293887,4.401974940792795,17.675588891865168,1.9928412703092713,4.9357163221476945,B5399B4543B4193GXNR3,18.881555246634115,8.944896801880574,7.055879177174582,40.07944396889987,NR3,GX,4193,,
209,ARC,17.675588891865214,1.9928412703093024,15.483175263803217,3.508065221025972,2.6827755563281612,B2656B6187B1515GYSR3,20.332048914605988,8.180276283129096,6.733582396487638,-22.82762840158368,SR3,GY,1515,,
210,ARC,15.483175263803217,3.508065221025972,14.050326231809471,5.755179990870183,2.682775556328163,B4849B4672B2247GYSR3,20.332048914605988,8.180276283129096,6.733582396487638,-22.827628401583695,SR3,GY,2247,,
211,ARC,14.05032623180944,5.755179990870167,16.44249860258854,3.4034556491295502,3.3826974466156092,B6365B4082B2392GXNR3,20.415639952340396,9.837452486702944,7.561889148289097,25.630405743861726,NR3,GX,2392,,
212,ARC,16.44249860258854,3.4034556491295502,19.616560557401645,2.317901994047366,3.382697446615613,B3973B6434B3174GXNR3,20.415639952340396,9.837452486702944,7.561889148289097,25.63040574386175,NR3,GX,3174,,
213,ARC,19.616560557401673,2.317901994047417,18.58696713551214,3.7771738944281923,1.797572534650146,B3134B3304B1459GYSR3,22.750909609295267,5.622203071383792,4.554398927278177,-22.614031236310407,SR3,GY,1459,,
214,ARC,18.58696713551214,3.7771738944281923,18.19765416319119,5.520151950291701,1.797572534650144,B4164B1845B1743GYSR3,22.750909609295267,5.622203071383792,4.554398927278177,-22.61403123631038,SR3,GY,1743,,
215,ARC,18.197654163191192,5.520151950291659,19.718956546835642,5.074176339541022,1.5983755845725045,B1750B3153B1521GXNR3,19.948005845802864,8.673209111137446,3.606313973073117,25.394398756334667,NR3,GX,1521,,
216,ARC,19.71895654683564,5.074176339541043,18.042465216796238,7.140463554084656,2.683890712702098,B3630B4659B2066GYSR3,23.349306443105604,9.732934848374034,5.906223092042083,-26.03620082001012,SR3,GY,2066,,
217,ARC,18.042465216796238,7.140463554084656,17.44308335106352,9.732934848374034,2.6838907127020954,B5307B2592B2592GYSR3,23.349306443105604,9.732934848374034,5.906223092042083,-26.036200820010095,SR3,GY,2592,,
218,ARC,17.44308335106352,9.732934848374034,17.45314474160257,10.077533749562043,0.3447947120777011,B5906B0B345GYSR2,23.349306443105604,9.732934848374034,5.906223092042083,-3.344824855515279,SR2,GY,345,,
219,LINE,17.453144741602504,10.077533749562045,17.453144741602504,12.97560129162077,2.8980675420587243,B0B2898B2898GYL2,,,,,L2,GY,2898,0.0,2.8980675420587243
220,ARC,17.45314474160256,12.975601291620784,20.50385901978735,15.147599952818632,3.827891232913622,B1344B5116B2172GYNR4,16.109039612512902,18.091948185798667,5.289955022456126,41.46009014255258,NR4,GY,2172,,
221,ARC,20.503859019787363,15.147599952818602,21.96429935290974,17.631905890413236,2.8893468841808114,B9124B7035B2484GYNR4,11.380017938833006,22.182625801380446,11.52111386804434,14.369043124554775,NR4,GY,2484,,
222,ARC,21.964299352909755,17.6319058904133,18.360391611363617,14.53730838717906,4.8524859781381515,B2350B6383B3095GYNR2,24.314434888698973,11.249165004475786,6.801655552407639,40.876366724467786,NR2,GY,3095,,
223,ARC,18.360391611363582,14.537308387179035,19.84520090236405,17.056334799147706,2.956607008340388,B5527B1561B1485GXSR2,23.887280998817186,12.976665613952983,5.7430054994549655,-29.49694254563776,SR2,GX,1485,,
224,ARC,19.84520090236405,17.056334799147706,22.377863097832414,18.51776385951376,2.956607008340388,B4042B4080B2533GXSR2,23.887280998817186,12.976665613952983,5.7430054994549655,-29.49694254563776,SR2,GX,2533,,
225,ARC,22.37786309783243,18.517763859513774,24.38757418956174,22.122071486817596,4.1730053642935125,B7825B2000B3604GYSR2,30.20243107046382,16.517342220767436,8.076233694680552,-29.60483862879702,SR2,GY,3604,,
226,ARC,24.387574189561725,22.122071486817596,24.387483955023068,22.06867618677763,0.05339540170019311,B15798B53B53GYNR2,40.18557109023194,22.068676186777626,15.79808713520887,0.19365199955179743,NR2,GY,53,,
227,ARC,24.387483955023068,22.06867618677763,27.75516066097965,12.318575997959666,10.507947161257336,B15798B0B9750GYNR3,40.18557109023194,22.068676186777626,15.79808713520887,38.10974192848441,NR3,GY,9750,,
228,ARC,27.755160660979655,12.318575997959679,27.41771970450745,14.017817124396437,1.7435680435701975,B4110B1699B1699GYSR3,31.864848524103127,14.017817124396437,4.447128819595675,-22.463727551642407,SR3,GY,1699,,
229,ARC,27.41771970450745,14.017817124396437,28.014232487517802,16.242611693984905,2.32993180206498,B4447B0B2225GYSR2,31.864848524103127,14.017817124396437,4.447128819595675,-30.018302645834037,SR2,GY,2225,,
230,ARC,28.014232487517802,16.242611693984905,29.643745114457396,17.870563467167855,2.32993180206498,B3851B2225B1630GXSR2,31.864848524103127,14.017817124396437,4.447128819595675,-30.018302645834037,SR2,GX,1630,,
231,ARC,29.643745114457413,17.87056346716789,29.23032017782127,15.573491288978625,2.3463604201580917,B6175B2297B2297GYNR2,35.81853037913057,15.573491288978625,6.588210201309302,20.40562537984658,NR2,GY,2297,,
232,ARC,29.23032017782127,15.573491288978625,30.022202563229794,12.441862717891233,3.263460029385457,B6588B0B3132GYNR3,35.81853037913057,15.573491288978625,6.588210201309302,28.381378337969018,NR3,GY,3132,,
233,ARC,30.022202563229794,12.441862717891233,32.20748611745746,10.063058184686946,3.263460029385457,B5796B3132B2185GXNR3,35.81853037913057,15.573491288978625,6.588210201309302,28.381378337969018,NR3,GX,2185,,
234,ARC,32.20748611745737,10.06305818468692,32.12864170539625,10.062296249958337,0.07884932074708348,B79B4079B79GXSR4,32.12864170539625,14.142056382001902,4.079760132043566,-1.107352675172659,SR4,GX,79,,
235,ARC,32.12864170539625,10.062296249958337,29.891453397274347,10.730395318969,2.367913410438539,B0B4080B2237GXSR3,32.12864170539625,14.142056382001902,4.079760132043566,-33.254760152430585,SR3,GX,2237,,
236,ARC,29.891453397274347,10.730395318969,28.386986316617893,12.515877521409369,2.367913410438539,B2237B3412B1785GYSR3,32.12864170539625,14.142056382001902,4.079760132043566,-33.254760152430585,SR3,GY,1785,,
237,ARC,28.38698631661793,12.515877521409386,28.364714142781608,12.195817956306314,0.32109181109370355,B2289B320B320GYNR2,30.675538755094365,12.195817956306314,2.310824612312757,7.961316282445394,NR2,GY,320,,
238,ARC,28.364714142781608,12.195817956306314,28.699725741745386,10.997455187712749,1.259854911818721,B2311B0B1198GYNR3,30.675538755094365,12.195817956306314,2.310824612312757,31.2374936900964,NR3,GY,1198,,
239,ARC,28.699725741745382,10.99745518771276,25.21858379103932,14.358368774948016,4.893346915120607,B4601B8249B3361GYSR3,33.301004813812725,19.246626014624866,9.445665060260323,-29.682200685829198,SR3,GY,3361,,
240,ARC,25.21858379103932,14.358368774948016,23.858505284330086,19.002103896314843,4.893346915120607,B8082B4888B4644GYSR3,33.301004813812725,19.246626014624866,9.445665060260323,-29.682200685829198,SR3,GY,4644,,
241,ARC,23.858505284330114,19.00210389631485,21.72743416934763,14.969184444942647,4.59267524481645,B10886B3173B4033GYSR4,12.972050750558212,22.17520399330607,11.339464561495332,-23.2057613280723,SR4,GY,4033,,
242,ARC,21.72743416934763,14.969184444942647,18.179667108193016,12.102260609512882,4.592675244816449,B8755B7206B3548GXSR4,12.972050750558212,22.17520399330607,11.339464561495332,-23.205761328072295,SR4,GX,3548,,
243,ARC,18.17966710819301,12.102260609512843,18.75417874054202,9.856466767589904,2.3425259415517123,B4102B2246B2246GYSR1,14.077464385645492,9.856466767589904,4.6767143548965295,-28.698962490684764,SR1,GY,2246,,
244,ARC,18.75417874054202,9.856466767589904,18.69592443229717,9.120610834150868,0.7389265727319928,B4677B0B736GYSR4,14.077464385645492,9.856466767589904,4.6767143548965295,-9.052803052485455,SR4,GY,736,,
245,ARC,18.695924432297137,9.120610834150884,19.54202460047344,9.651965310439703,0.9994890704774794,B5150B9140B846GXNR4,13.545709983449232,18.26085348772818,10.491365241730719,5.458441688792662,NR4,GX,846,,
246,ARC,19.542024600473443,9.651965310439703,19.398794003251975,9.849802923665441,0.2460283386310882,B395B437B198GYSR3,19.937069662677537,10.088737172845489,0.5889229669160947,-23.935873171991833,SR3,GY,198,,
247,ARC,19.398794003251975,9.849802923665441,19.348146695761443,10.088737172845489,0.2460283386310882,B538B239B239GYSR3,19.937069662677537,10.088737172845489,0.5889229669160947,-23.935873171991833,SR3,GY,239,,
248,ARC,19.348146695761443,10.088737172845489,19.520638239174666,10.50516859634836,0.46253901659847696,B589B0B172GXSR2,19.937069662677537,10.088737172845489,0.5889229669160947,-45.0,SR2,GX,172,,
249,ARC,19.520638239174666,10.50516859634836,19.937069662677537,10.677660139761583,0.46253901659847696,B416B416B416GXSR2,19.937069662677537,10.088737172845489,0.5889229669160947,-45.0,SR2,GX,416,,
250,ARC,19.937069662677537,10.677660139761583,20.332114724881578,10.525509035251321,0.4330213559347069,B0B589B395GXSR1,19.937069662677537,10.088737172845489,0.5889229669160947,-42.12825365600947,SR1,GX,395,,
251,ARC,20.33211472488158,10.525509035251286,22.44806757212726,11.09441022668827,2.2164934704042887,B2116B3651B2116GXSR2,22.44806757212726,6.87495604936536,4.21945417732291,-30.09766567794438,SR2,GX,2116,,
252,ARC,22.44806757212726,11.09441022668827,24.51693360290139,10.552399033455888,2.1622691146769646,B0B4219B2069GXSR1,22.44806757212726,6.87495604936536,4.21945417732291,-29.361355577294614,SR1,GX,2069,,
253,ARC,24.51693360290139,10.552399033455888,26.05428607819983,9.06561385947343,2.1622691146769646,B2069B3677B1487GYSR1,22.44806757212726,6.87495604936536,4.21945417732291,-29.361355577294614,SR1,GY,1487,,
254,ARC,26.054286078199798,9.065613859473476,24.03750257609474,9.406041286727284,2.054876623519806,B2017B5804B2017GXNR1,24.03750257609474,3.2618440325047473,6.1441972542225365,19.162105817300247,NR1,GX,2017,,
255,ARC,24.03750257609474,9.406041286727284,21.236294732539665,8.730335096409057,2.9086362269761987,B0B6144B2801GXNR2,24.03750257609474,3.2618440325047473,6.1441972542225365,27.12357254319296,NR2,GX,2801,,
256,ARC,21.236294732539665,8.730335096409057,19.051210819236776,6.851837683513903,2.9086362269761987,B2801B5468B1878GYNR2,24.03750257609474,3.2618440325047473,6.1441972542225365,27.12357254319296,NR2,GY,1878,,
257,ARC,19.051210819236797,6.8518376835139065,21.754196424531496,4.638204228833416,3.5125293166726475,B7460B6352B2703GXNR3,26.511569402166053,13.204330099639193,9.798525913769659,20.53912058123937,NR3,GX,2703,,
258,ARC,21.754196424531468,4.6382042288333984,20.418154355589177,4.327474300894742,1.3837112595691803,B1336B2717B1336GXSR4,20.418154355589177,7.355121992545181,3.027647691650439,-26.18561448106514,SR4,GX,1336,,
259,ARC,20.418154355589177,4.327474300894742,19.006735232308618,4.6765875792523115,1.46830113696139,B0B3028B1411GXSR3,20.418154355589177,7.355121992545181,3.027647691650439,-27.786409374562375,SR3,GX,1411,,
260,ARC,19.006735232308618,4.676587579252333,22.347348074024517,1.3746331744842673,4.7503666273797736,B7880B4631B3341GXNR3,26.88673251268071,9.308002707429841,9.140260566755362,29.77770238614476,NR3,GX,3341,,
261,ARC,22.347348074024517,1.3746331744842673,26.88673251268071,0.1677421406744788,4.750366627379778,B4539B7933B4539GXNR3,26.88673251268071,9.308002707429841,9.140260566755362,29.777702386144785,NR3,GX,4539,,
262,ARC,26.88673251268071,0.1677421406744788,26.907662353759065,0.1677661038218421,0.020929859369060708,B0B9140B21GXNR4,26.88673251268071,9.308002707429841,9.140260566755362,0.1311989520311034,NR4,GX,21,,
263,ARC,26.907662353759125,0.16776610382182522,27.915843917908962,1.061986056173333,1.3656077705016842,B1041B2189B894GYNR4,25.867027805474418,2.3564650432593375,2.4234940294084915,32.28543613912411,NR4,GY,894,,
264,ARC,27.915843917908962,1.061986056173333,28.29052183488291,2.3564650432593375,1.3656077705016842,B2049B1294B1294GYNR4,25.867027805474418,2.3564650432593375,2.4234940294084915,32.28543613912411,NR4,GY,1294,,
265,ARC,28.29052183488291,2.3564650432593375,28.284117684643807,2.5325327194396103,0.17622292820286073,B2423B0B176GYNR1,25.867027805474418,2.3564650432593375,2.4234940294084915,4.166228559649146,NR1,GY,176,,
266,ARC,28.284117684643782,2.53253271943962,27.434969873600924,3.4595148939526585,1.270014215346326,B1412B2146B927GYSR3,29.696149920806285,4.67841870903398,2.568786039416175,-28.327176084116942,SR3,GY,927,,
267,ARC,27.434969873600924,3.4595148939526585,27.12736388139011,4.67841870903398,1.270014215346325,B2261B1219B1219GYSR3,29.696149920806285,4.67841870903398,2.568786039416175,-28.327176084116918,SR3,GY,1219,,
268,ARC,27.12736388139011,4.67841870903398,27.394481125826978,5.819024896338763,1.181863096566562,B2569B0B1141GYSR2,29.696149920806285,4.67841870903398,2.568786039416175,-26.36099945907393,SR2,GY,1141,,
269,ARC,27.39448112582698,5.81902489633879,29.974977641170586,6.399071093299641,2.6665588292711964,B2580B5450B2580GXSR2,29.974977641170586,0.3690204758129021,6.030050617486739,-25.336863060075526,SR2,GX,2580,,
270,ARC,29.974977641170586,6.399071093299641,32.635599793848804,5.780360440196044,2.755526247511313,B0B6030B2661GXSR1,29.974977641170586,0.3690204758129021,6.030050617486739,-26.182205479681695,SR1,GX,2661,,
271,ARC,32.63559979384877,5.7803604401960555,32.737623340734494,4.995479807660226,0.7936920634834905,B2968B785B785GYSR1,29.667516338129218,4.995479807660226,3.070107002605279,-14.81225424131581,SR1,GY,785,,
272,ARC,32.737623340734494,4.995479807660226,31.838409818639718,2.824586327149728,2.411256401279831,B3070B0B2171GYSR4,29.667516338129218,4.995479807660226,3.070107002605279,-45.0,SR4,GY,2171,,
273,ARC,31.838409818639718,2.824586327149728,29.667516338129218,1.9253728050549475,2.411256401279831,B2171B2171B2171GXSR4,29.667516338129218,4.995479807660226,3.070107002605279,-45.0,SR4,GX,2171,,
274,ARC,29.667516338129218,1.9253728050549475,29.13507366506928,1.971895542694099,0.5351485306644465,B0B3070B532GXSR3,29.667516338129218,4.995479807660226,3.070107002605279,-9.987193343320175,SR3,GX,532,,
275,ARC,29.135073665069278,1.9718955426940898,28.226097578156033,3.552713678800501e-15,2.1863022511496975,B5244B1222B1972GYSR4,23.89094627050423,3.193806930635006,5.384602080971937,-23.263723084291076,SR4,GY,1972,,
276,ARC,28.226097578156043,0.0,29.953996739030483,-0.08001033615670394,1.730368020683588,B1728B18618B1728GXNR3,29.953996739030483,18.61780614459422,18.697816480750923,5.302372322011038,NR3,GX,1728,,
277,ARC,29.953996739030483,-0.08001033615670394,38.4951563843638,1.9847988079527035,8.870140187225319,B0B18698B8541GXNR4,29.953996739030483,18.61780614459422,18.697816480750923,27.180799262876388,NR4,GX,8541,,
278,ARC,38.495156384363774,1.9847988079526306,29.05121513865911,-0.6793407144253933,9.937263752636628,B9444B15407B9444GXSR4,29.05121513865911,17.39134680742655,18.070687521851944,-31.507560088453296,SR4,GX,9444,,
279,ARC,29.05121513865911,-0.6793407144253933,20.152033350449123,1.6638450664377,9.304954522725753,B0B18071B8899GXSR3,29.05121513865911,17.39134680742655,18.070687521851944,-29.50273043395061,SR3,GX,8899,,
280,ARC,20.15203335044919,1.663845066437753,20.18167213688557,1.306807179322091,0.3586759028313874,B2136B357B357GYSR1,18.01635894545397,1.306807179322091,2.165313191431602,-9.49082817515919,SR1,GY,357,,
281,ARC,20.18167213688557,1.306807179322091,19.54746658650794,-0.22430046173187979,1.7006330037306474,B2165B0B1531GYSR4,18.01635894545397,1.306807179322091,2.165313191431602,-45.0,SR4,GY,1531,,
282,ARC,19.54746658650794,-0.22430046173187979,18.01635894545397,-0.8585060121095109,1.7006330037306474,B1531B1531B1531GXSR4,18.01635894545397,1.306807179322091,2.165313191431602,-45.0,SR4,GX,1531,,
283,ARC,18.01635894545397,-0.8585060121095109,16.4852513044,-0.22430046173187979,1.7006330037306474,B0B2165B634GYSR3,18.01635894545397,1.306807179322091,2.165313191431602,-45.0,SR3,GY,634,,
284,ARC,16.4852513044,-0.22430046173187979,15.851045754022367,1.3068071793220908,1.7006330037306474,B1531B1531B1531GYSR3,18.01635894545397,1.306807179322091,2.165313191431602,-45.0,SR3,GY,1531,,
285,ARC,15.851045754022367,1.3068071793220908,15.906937673252282,1.7956047993763613,0.49304720852909034,B2165B0B489GYSR2,18.01635894545397,1.306807179322091,2.165313191431602,-13.046391746565883,SR2,GY,489,,
286,ARC,15.906937673252262,1.7956047993763509,13.595796390264983,2.863189325614557,2.5661427036363014,B1250B5742B2311GXSR3,17.157189701015938,7.537599273948832,5.876532198409882,-25.01971257580019,SR3,GX,2311,,
287,ARC,13.595796390264983,2.863189325614557,11.95304079449312,4.808045310810267,2.5661427036363014,B3561B4674B1945GYSR3,17.157189701015938,7.537599273948832,5.876532198409882,-25.01971257580019,SR3,GY,1945,,
288,ARC,11.953040794493088,4.808045310810247,11.703099630502573,4.805282311074718,0.24996152606517472,B250B11303B250GXSR4,11.703099630502573,16.111512062222225,11.306229751147507,-1.266712316962272,SR4,GX,250,,
289,ARC,11.703099630502573,4.805282311074718,6.872259829185696,5.8892902880800815,4.991403767263234,B0B11306B4831GXSR3,11.703099630502573,16.111512062222225,11.306229751147507,-25.294583252286824,SR3,GX,4831,,
290,ARC,6.872259829185761,5.889290288080104,5.714379748202791,5.607130239806315,1.2031881932743649,B1158B2235B1158GXSR4,5.714379748202791,8.123965247930549,2.5168350081242346,-27.390593826001417,SR4,GX,1158,,
291,ARC,5.714379748202791,5.607130239806315,4.237134034002358,6.086269598920087,1.5787635104028541,B0B2517B1477GXSR3,5.714379748202791,8.123965247930549,2.5168350081242346,-35.94057047973036,SR3,GX,1477,,
292,ARC,4.237134034002358,6.086269598920087,3.3223459798954904,7.341256547712334,1.5787635104028541,B1477B2038B1255GYSR3,5.714379748202791,8.123965247930549,2.5168350081242346,-35.94057047973036,SR3,GY,1255,,
293,ARC,3.3223459798954953,7.341256547712295,5.8023429567033284,7.815144306229095,2.5399311399649926,B2480B6252B2480GXSR2,5.8023429567033284,1.0889158923524025,6.726228413876692,-21.63580027606745,SR2,GX,2480,,
294,ARC,5.8023429567033284,7.815144306229095,8.332560120074136,7.321102489512819,2.5940446225223717,B0B6726B2530GXSR1,5.8023429567033284,1.0889158923524025,6.726228413876692,-22.09675312728138,SR1,GX,2530,,
295,ARC,8.332560120074113,7.321102489512851,10.017733948400629,7.964424700329854,1.8190675647817252,B565B4008B1685GXNR4,7.76801111173458,11.328737108082576,4.047202838847548,25.752327783208326,NR4,GX,1685,,
296,ARC,10.017733948400629,7.964424700329854,11.256025478857904,9.276029970296737,1.8190675647817252,B2250B3364B1312GYNR4,7.76801111173458,11.328737108082576,4.047202838847548,25.752327783208326,NR4,GY,1312,,
297,ARC,11.256025478857914,9.276029970296747,7.939144190490708,7.9263838285909145,3.5810839053807015,B44443B113974B3317GXNR2,55.699448440789546,-104.69842329896524,122.33312651363218,1.6772316682160175,NR2,GX,3317,,
298,ARC,7.939144190490717,7.926383828590895,5.9928379978650534,8.253796668040417,1.9828196968700638,B1946B5621B1946GXNR1,5.9928379978650534,2.3051799775059565,5.94861669053446,19.098087181653106,NR1,GX,1946,,
299,ARC,5.9928379978650534,8.253796668040417,4.017668611135402,7.916306996619957,2.0133913924985056,B0B5949B1975GXNR2,5.9928379978650534,2.3051799775059565,5.94861669053446,19.392547091106593,NR2,GX,1975,,
300,ARC,4.017668611135366,7.916306996619987,2.619276908705924,7.536998965902265,1.4660034858990272,B1398B2388B1398GXSR4,2.619276908705924,10.304372400651406,2.7673734347491403,-30.35217850932897,SR4,GX,1398,,
301,ARC,2.619276908705924,7.536998965902265,1.008899021199268,8.05380829652443,1.7187665243156,B0B2767B1610GXSR3,2.619276908705924,10.304372400651406,2.7673734347491403,-35.585391756346176,SR3,GX,1610,,
302,ARC,1.008899021199268,8.05380829652443,3.1086244689504383e-15,9.411207128781072,1.7187665243155987,B1610B2251B1357GYSR3,2.619276908705924,10.304372400651406,2.7673734347491403,-35.58539175634615,SR3,GY,1357,,
